{
  "cameras": [
    {
      "name": "cam0",
      "panel": 0,
      "node": 0,
      "K": [
        386.542907714844,
        0.0,
        322.48291015625,
        0.0,
        386.103881835938,
        238.424423217773,
        0.0,
        0.0,
        1.0
      ],
      "R": [
        1.0, 0.0, 0.0,
        0.0, 1.0, 0.0,
        0.0, 0.0, 1.0
      ],
      "t": [0, 0, 0]
    }
  ]
}
